id , timestamp , action
1, 2026-02-06T13:04:07.404174 , Battery backup replaced
2, 2026-02-06T13:03:07.404184 , Temporary fix applied
3, 2026-02-06T13:02:07.404186 , Battery backup replaced
4, 2026-02-06T13:01:07.404189 , Preventive maintenance completed
5, 2026-02-06T13:00:07.404191 , Battery backup replaced
6, 2026-02-06T12:59:07.404193 , Battery backup replaced
7, 2026-02-06T12:58:07.404196 , Battery backup replaced
8, 2026-02-06T12:57:07.404198 , Cable replacement required
9, 2026-02-06T12:56:07.404200 , Cable replacement required
10, 2026-02-06T12:55:07.404202 , Temporary fix applied
11, 2026-02-06T12:54:07.404204 , Battery backup replaced
12, 2026-02-06T12:53:07.404206 , Battery backup replaced
13, 2026-02-06T12:52:07.404208 , Battery backup replaced
14, 2026-02-06T12:51:07.404211 , Preventive maintenance completed
15, 2026-02-06T12:50:07.404213 , Preventive maintenance completed
16, 2026-02-06T12:49:07.404215 , Cable replacement required
17, 2026-02-06T12:48:07.404217 , Battery backup replaced
18, 2026-02-06T12:47:07.404220 , Cable replacement required
19, 2026-02-06T12:46:07.404222 , Preventive maintenance completed
20, 2026-02-06T12:45:07.404224 , Preventive maintenance completed
21, 2026-02-06T12:44:07.404227 , Battery backup replaced
22, 2026-02-06T12:43:07.404229 , Battery backup replaced
23, 2026-02-06T12:42:07.404231 , Temporary fix applied
24, 2026-02-06T12:41:07.404233 , Preventive maintenance completed
25, 2026-02-06T12:40:07.404235 , Temporary fix applied
26, 2026-02-06T12:39:07.404238 , Cable replacement required
27, 2026-02-06T12:38:07.404240 , Preventive maintenance completed
28, 2026-02-06T12:37:07.404242 , Battery backup replaced
29, 2026-02-06T12:36:07.404244 , Temporary fix applied
30, 2026-02-06T12:35:07.404246 , Cable replacement required
31, 2026-02-06T12:34:07.404248 , Battery backup replaced
32, 2026-02-06T12:33:07.404250 , Temporary fix applied
33, 2026-02-06T12:32:07.404253 , Temporary fix applied
34, 2026-02-06T12:31:07.404255 , Temporary fix applied
35, 2026-02-06T12:30:07.404257 , Temporary fix applied
36, 2026-02-06T12:29:07.404259 , Cable replacement required
37, 2026-02-06T12:28:07.404261 , Temporary fix applied
38, 2026-02-06T12:27:07.404263 , Cable replacement required
39, 2026-02-06T12:26:07.404265 , Temporary fix applied
40, 2026-02-06T12:25:07.404268 , Preventive maintenance completed
41, 2026-02-06T12:24:07.404270 , Temporary fix applied
42, 2026-02-06T12:23:07.404272 , Battery backup replaced
43, 2026-02-06T12:22:07.404274 , Battery backup replaced
44, 2026-02-06T12:21:07.404276 , Temporary fix applied
45, 2026-02-06T12:20:07.404278 , Temporary fix applied
46, 2026-02-06T12:19:07.404281 , Battery backup replaced
47, 2026-02-06T12:18:07.404283 , Battery backup replaced
48, 2026-02-06T12:17:07.404285 , Temporary fix applied
49, 2026-02-06T12:16:07.404287 , Temporary fix applied
50, 2026-02-06T12:15:07.404289 , Cable replacement required
51, 2026-02-06T12:14:07.404291 , Preventive maintenance completed
52, 2026-02-06T12:13:07.404293 , Temporary fix applied
53, 2026-02-06T12:12:07.404296 , Preventive maintenance completed
54, 2026-02-06T12:11:07.404298 , Temporary fix applied
55, 2026-02-06T12:10:07.404300 , Temporary fix applied
56, 2026-02-06T12:09:07.404302 , Battery backup replaced
57, 2026-02-06T12:08:07.404305 , Battery backup replaced
58, 2026-02-06T12:07:07.404307 , Preventive maintenance completed
59, 2026-02-06T12:06:07.404309 , Cable replacement required
60, 2026-02-06T12:05:07.404311 , Battery backup replaced
61, 2026-02-06T12:04:07.404313 , Preventive maintenance completed
62, 2026-02-06T12:03:07.404315 , Preventive maintenance completed
63, 2026-02-06T12:02:07.404318 , Temporary fix applied
64, 2026-02-06T12:01:07.404320 , Preventive maintenance completed
65, 2026-02-06T12:00:07.404322 , Temporary fix applied
66, 2026-02-06T11:59:07.404324 , Battery backup replaced
67, 2026-02-06T11:58:07.404327 , Temporary fix applied
68, 2026-02-06T11:57:07.404329 , Preventive maintenance completed
69, 2026-02-06T11:56:07.404331 , Battery backup replaced
70, 2026-02-06T11:55:07.404333 , Battery backup replaced
71, 2026-02-06T11:54:07.404335 , Temporary fix applied
72, 2026-02-06T11:53:07.404337 , Cable replacement required
73, 2026-02-06T11:52:07.404339 , Temporary fix applied
74, 2026-02-06T11:51:07.404342 , Temporary fix applied
75, 2026-02-06T11:50:07.404344 , Preventive maintenance completed
76, 2026-02-06T11:49:07.404346 , Preventive maintenance completed
77, 2026-02-06T11:48:07.404348 , Temporary fix applied
78, 2026-02-06T11:47:07.404351 , Temporary fix applied
79, 2026-02-06T11:46:07.404353 , Cable replacement required
80, 2026-02-06T11:45:07.404356 , Cable replacement required
81, 2026-02-06T11:44:07.404358 , Cable replacement required
82, 2026-02-06T11:43:07.404360 , Battery backup replaced
83, 2026-02-06T11:42:07.404362 , Temporary fix applied
84, 2026-02-06T11:41:07.404364 , Cable replacement required
85, 2026-02-06T11:40:07.404366 , Preventive maintenance completed
86, 2026-02-06T11:39:07.404368 , Cable replacement required
87, 2026-02-06T11:38:07.404371 , Preventive maintenance completed
88, 2026-02-06T11:37:07.404373 , Preventive maintenance completed
89, 2026-02-06T11:36:07.404375 , Preventive maintenance completed
90, 2026-02-06T11:35:07.404377 , Battery backup replaced
91, 2026-02-06T11:34:07.404379 , Cable replacement required
92, 2026-02-06T11:33:07.404381 , Preventive maintenance completed
93, 2026-02-06T11:32:07.404383 , Preventive maintenance completed
94, 2026-02-06T11:31:07.404386 , Temporary fix applied
95, 2026-02-06T11:30:07.404388 , Preventive maintenance completed
96, 2026-02-06T11:29:07.404390 , Cable replacement required
97, 2026-02-06T11:28:07.404392 , Battery backup replaced
98, 2026-02-06T11:27:07.404394 , Preventive maintenance completed
99, 2026-02-06T11:26:07.404396 , Temporary fix applied
100, 2026-02-06T11:25:07.404399 , Temporary fix applied
